sid	area	location	natural_lawson_store
s00000	関東	ビジネス立地	0
s00001	関東	ビジネス立地	0
s00002	関東	ビジネス立地	0
s00003	関東	ビジネス立地	0
s00004	関東	ビジネス立地	0
s00005	関東	ビジネス立地	0
s00006	関東	ビジネス立地	0
s00007	関東	ビジネス立地	0
s00008	関東	ビジネス立地	0
s00009	関東	ビジネス立地	0
s00010	関東	ビジネス立地	0
s00011	関東	ビジネス立地	0
s00012	関東	ビジネス立地	0
s00013	関東	ビジネス立地	0
s00014	関東	ビジネス立地	0
s00015	関東	ビジネス立地	0
s00016	関東	ビジネス立地	0
s00017	関東	ビジネス立地	0
s00018	関東	ビジネス立地	0
s00019	関東	ビジネス立地	0
s00020	関東	ビジネス立地	0
s00021	関東	ビジネス立地	0
s00022	関東	ビジネス立地	0
s00023	関東	ビジネス立地	0
s00024	関東	ビジネス立地	0
s00025	関東	ビジネス立地	0
s00026	関東	ビジネス立地	0
s00027	関東	ビジネス立地	0
s00028	関東	ビジネス立地	0
s00029	関東	ビジネス立地	0
s00030	関東	ビジネス立地	0
s00031	関東	ビジネス立地	0
s00032	関東	ビジネス立地	0
s00033	関東	ビジネス立地	0
s00034	関東	ビジネス立地	0
s00035	関東	ビジネス立地	0
s00036	関東	ビジネス立地	0
s00037	関東	ビジネス立地	0
s00038	関東	ビジネス立地	0
s00039	関東	ビジネス立地	0
s00040	関東	ビジネス立地	0
s00041	関東	ビジネス立地	0
s00042	関東	ビジネス立地	0
s00043	関東	ビジネス立地	0
s00044	関東	ビジネス立地	0
s00045	関東	ビジネス立地	0
s00046	関東	ビジネス立地	0
s00047	関東	ビジネス立地	0
s00048	関東	ビジネス立地	0
s00049	関東	ビジネス立地	0
s00050	関東	ビジネス立地	0
s00051	関東	ビジネス立地	1
s00052	関東	ビジネス立地	1
s00053	関東	ビジネス立地	1
s00054	関東	ビジネス立地	1
s00055	関東	ビジネス立地	1
s00056	関東	ビジネス立地	1
s00057	関東	ビジネス立地	1
s00058	関東	ビジネス立地	1
s00059	関東	ビジネス立地	1
s00060	関東	ビジネス立地	1
s00061	関東	ビジネス立地	1
s00062	関東	ビジネス立地	1
s00063	関東	ビジネス立地	1
s00064	関東	ビジネス立地	1
s00065	関東	ビジネス立地	1
s00066	関東	ビジネス立地	1
s00067	関東	ビジネス立地	1
s00068	関東	ビジネス立地	1
s00069	関東	ビジネス立地	1
s00070	関東	ビジネス立地	1
s00071	関東	ビジネス立地	1
s00072	関東	ビジネス立地	1
s00073	関東	ビジネス立地	1
s00074	関東	ビジネス立地	1
s00075	関東	ビジネス立地	1
s00076	関東	ビジネス立地	1
s00077	関東	ビジネス立地	1
s00078	関東	ビジネス立地	1
s00079	関東	ビジネス立地	1
s00080	関東	ビジネス立地	1
s00081	関東	ビジネス立地	1
s00082	関東	ビジネス立地	1
s00083	関東	ビジネス立地	1
s00084	関東	ビジネス立地	1
s00085	関東	ビジネス立地	1
s00086	関東	ビジネス立地	1
s00087	関東	ビジネス立地	1
s00088	関東	ビジネス立地	1
s00089	関東	ビジネス立地	1
s00090	関東	ビジネス立地	1
s00091	関東	ビジネス立地	1
s00092	関東	ビジネス立地	1
s00094	関東	ビジネス立地	1
s00095	関東	ビジネス立地	1
s00096	関東	ビジネス立地	1
s00097	関東	ビジネス立地	1
s00098	関東	ビジネス立地	1
s00099	関東	ビジネス立地	1
s00100	関東	ビジネス立地	1
s00101	関東	ビジネス立地	1
s00102	関東	ビジネス立地	1
s00103	関東	ビジネス立地	1
s00104	関東	ビジネス立地	1
s00105	関東	ビジネス立地	1
s00106	関東	ビジネス立地	1
s00107	関東	ビジネス立地	1
s00108	関東	ビジネス立地	1
s00109	関東	ビジネス立地	1
s00110	関東	ビジネス立地	1
s00111	関東	ビジネス立地	1
s00112	関東	ビジネス立地	1
s00113	関東	ビジネス立地	1
s00114	関東	ビジネス立地	1
s00115	関東	ビジネス立地	1
s00116	関東	ビジネス立地	1
s00117	関東	ビジネス立地	1
s00118	関東	ビジネス立地	1
s00119	関東	ビジネス立地	1
s00120	関東	ビジネス立地	1
s00121	関東	ビジネス立地	1
s00122	関東	ビジネス立地	1
s00123	関東	ビジネス立地	1
s00124	関東	ビジネス立地	1
s00125	関東	ビジネス立地	1
s00126	関東	ビジネス立地	1
s00127	関東	ビジネス立地	1
s00128	関東	ビジネス立地	1
s00129	関東	ビジネス立地	1
s00130	関東	ビジネス立地	1
s00131	関東	ビジネス立地	1
s00132	関東	ビジネス立地	1
s00133	関東	ビジネス立地	1
s00134	関東	ビジネス立地	1
s00135	関東	ビジネス立地	1
s00136	関東	ビジネス立地	1
s00137	関東	住宅立地	0
s00138	関東	住宅立地	0
s00139	関東	住宅立地	0
s00140	関東	住宅立地	0
s00141	関東	住宅立地	0
s00142	関東	住宅立地	0
s00143	関東	住宅立地	0
s00144	関東	住宅立地	0
s00145	関東	住宅立地	0
s00146	関東	住宅立地	0
s00147	関東	住宅立地	0
s00148	関東	住宅立地	0
s00149	関東	住宅立地	0
s00150	関東	住宅立地	0
s00151	関東	住宅立地	0
s00152	関東	住宅立地	0
s00153	関東	住宅立地	0
s00154	関東	住宅立地	0
s00155	関東	住宅立地	0
s00156	関東	住宅立地	0
s00157	関東	住宅立地	0
s00158	関東	住宅立地	0
s00159	関東	住宅立地	0
s00160	関東	住宅立地	0
s00161	関東	住宅立地	0
s00162	関東	住宅立地	0
s00163	関東	住宅立地	0
s00164	関東	住宅立地	0
s00165	関東	住宅立地	0
s00166	関東	住宅立地	0
s00167	関東	住宅立地	0
s00168	関東	住宅立地	0
s00169	関東	住宅立地	0
s00170	関東	住宅立地	0
s00171	関東	住宅立地	0
s00172	関東	住宅立地	0
s00173	関東	住宅立地	0
s00174	関東	住宅立地	0
s00175	関東	住宅立地	0
s00176	関東	住宅立地	0
s00177	関東	住宅立地	0
s00178	関東	住宅立地	0
s00179	関東	住宅立地	0
s00180	関東	住宅立地	0
s00181	関東	住宅立地	0
s00182	関東	住宅立地	0
s00183	関東	住宅立地	0
s00184	関東	住宅立地	0
s00185	関東	住宅立地	0
s00186	関東	住宅立地	0
s00187	関東	住宅立地	0
s00188	関東	住宅立地	0
s00189	関東	住宅立地	0
s00190	関東	住宅立地	0
s00191	関東	住宅立地	0
s00192	関東	住宅立地	0
s00193	関東	住宅立地	0
s00194	関東	住宅立地	0
s00195	関東	住宅立地	0
s00196	関東	住宅立地	0
s00197	関東	住宅立地	0
s00198	関東	住宅立地	0
s00199	関東	住宅立地	0
s00200	関東	住宅立地	0
s00201	関東	住宅立地	0
s00202	関東	住宅立地	0
s00203	関東	住宅立地	0
s00204	関東	住宅立地	0
s00205	関東	住宅立地	0
s00206	関東	住宅立地	0
s00207	関東	住宅立地	0
s00208	関東	住宅立地	0
s00209	関東	住宅立地	0
s00210	関東	住宅立地	0
s00211	関東	住宅立地	0
s00212	関東	住宅立地	0
s00213	関東	住宅立地	0
s00214	関東	住宅立地	0
s00215	関東	住宅立地	0
s00216	関東	住宅立地	0
s00217	関東	住宅立地	0
s00218	関東	住宅立地	0
s00219	関東	住宅立地	0
s00220	関東	住宅立地	0
s00221	関東	住宅立地	0
s00222	関東	住宅立地	0
s00223	関東	住宅立地	0
s00224	関東	住宅立地	0
s00225	関東	住宅立地	0
s00226	関東	住宅立地	0
s00227	関東	住宅立地	1
s00228	関東	住宅立地	1
s00229	関東	住宅立地	1
s00230	関東	住宅立地	1
s00231	関東	住宅立地	1
s00232	関東	住宅立地	1
s00233	関東	住宅立地	1
s00234	関東	住宅立地	1
s00235	関東	住宅立地	1
s00236	関東	住宅立地	1
s00237	関東	住宅立地	1
s00238	関東	住宅立地	1
s00239	関東	住宅立地	1
s00240	関東	住宅立地	1
s00241	関東	住宅立地	1
s00242	関東	住宅立地	1
s00243	関東	住宅立地	1
s00244	関東	住宅立地	1
s00245	関東	住宅立地	1
s00246	関東	住宅立地	1
s00247	関東	住宅立地	1
s00248	関東	住宅立地	1
s00249	関東	学校立地	0
s00250	関東	学校立地	0
s00251	関東	学校立地	0
s00252	関東	学校立地	0
s00253	関東	学校立地	0
s00254	関東	学校立地	0
s00255	関東	観光立地	0
s00256	関東	観光立地	0
s00257	関東	観光立地	0
s00258	関東	観光立地	0
s00259	関東	観光立地	0
s00260	関東	住宅立地	0
s00261	関東	観光立地	0
s00262	関東	観光立地	0
s00263	関東	観光立地	0
s00264	関東	住宅立地	0
s00265	関東	観光立地	0
s00266	関東	観光立地	0
s00267	関東	観光立地	0
s00268	関東	観光立地	0
s00269	関東	観光立地	0
s00270	関東	観光立地	0
s00271	関東	観光立地	0
s00272	関東	観光立地	0
s00273	関東	観光立地	0
s00274	関東	観光立地	0
s00275	関東	観光立地	0
s00276	関東	観光立地	0
s00277	関東	観光立地	0
s00278	関東	観光立地	0
s00279	関東	観光立地	0
s00280	関東	観光立地	0
s00281	関東	観光立地	0
s00282	関東	観光立地	0
s00283	関東	観光立地	0
s00284	関東	観光立地	0
s00285	関東	観光立地	0
s00286	関東	観光立地	0
s00287	関東	観光立地	0
s00288	関東	住宅立地	0
s00289	関東	住宅立地	0
s00290	関東	観光立地	0
s00291	関東	観光立地	0
s00292	関東	住宅立地	0
s00293	関東	住宅立地	0
s00294	関東	観光立地	0
s00295	関東	観光立地	0
s00296	関東	観光立地	0
s00297	関東	観光立地	0
s00298	関東	観光立地	0
s00299	関東	観光立地	0
s00300	関東	観光立地	0
s00301	関東	観光立地	0
s00302	関東	観光立地	0
s00303	関東	観光立地	0
s00304	関東	住宅立地	0
s00305	関東	観光立地	0
s00306	関東	観光立地	0
s00307	関東	住宅立地	0
s00308	関東	住宅立地	0
s00309	関東	観光立地	0
s00310	関東	住宅立地	0
s00311	関東	住宅立地	0
s00312	関東	観光立地	0
s00313	関東	住宅立地	0
s00314	関東	住宅立地	0
s00315	関東	観光立地	0
s00316	関東	観光立地	0
s00317	関東	観光立地	0
s00318	関東	住宅立地	0
s00319	関東	住宅立地	0
s00320	関東	住宅立地	0
s00321	関東	観光立地	0
s00322	関東	観光立地	0
s00323	関東	観光立地	0
s00324	関東	住宅立地	0
s00325	関東	住宅立地	0
s00326	関東	観光立地	0
s00327	関東	観光立地	0
s00328	関東	住宅立地	0
s00329	関東	観光立地	0
s00330	関東	観光立地	0
s00331	関東	観光立地	0
s00332	関東	観光立地	0
s00333	関東	観光立地	0
s00334	関東	住宅立地	0
s00335	関東	観光立地	0
s00336	関東	住宅立地	0
s00337	関東	住宅立地	0
s00338	関東	観光立地	0
s00339	関東	観光立地	0
s00340	関東	観光立地	0
s00341	関東	住宅立地	0
s00342	関東	観光立地	0
s00343	関東	住宅立地	0
s00344	関東	観光立地	0
s00345	関東	観光立地	0
s00346	関東	観光立地	0
s00347	関東	観光立地	0
s00348	関東	観光立地	0
s00349	関東	観光立地	0
s00350	関東	住宅立地	0
s00351	関東	観光立地	0
s00352	関東	観光立地	0
s00353	関東	観光立地	0
s00354	関東	住宅立地	0
s00355	関東	住宅立地	0
s00356	関東	観光立地	0
s00357	関東	住宅立地	0
s00358	関東	観光立地	0
s00359	関東	観光立地	0
s00360	関東	観光立地	0
s00361	関東	観光立地	0
s00362	関東	観光立地	0
s00363	関東	観光立地	0
s00364	関東	住宅立地	0
s00365	関東	観光立地	0
s00366	関東	住宅立地	0
s00367	関東	観光立地	0
s00368	関東	住宅立地	0
s00369	関東	住宅立地	0
s00370	関東	観光立地	0
s00371	関東	観光立地	0
s00372	関東	観光立地	0
s00373	関東	観光立地	0
s00374	関東	観光立地	0
s00375	関東	住宅立地	0
s00376	関東	観光立地	0
s00377	関東	観光立地	0
s00378	関東	観光立地	0
s00379	関東	住宅立地	0
s00380	関東	観光立地	0
s00381	関東	観光立地	0
s00382	関東	住宅立地	0
s00383	関東	観光立地	0
s00384	関東	住宅立地	0
s00385	関東	観光立地	0
s00386	関東	観光立地	0
s00387	関東	観光立地	0
s00388	関東	住宅立地	0
s00389	関東	観光立地	0
s00390	関東	観光立地	0
s00391	関東	観光立地	0
s00392	関東	観光立地	0
s00393	関東	観光立地	0
s00394	関東	住宅立地	0
s00395	関東	住宅立地	0
s00396	関東	観光立地	0
s00397	関東	観光立地	0
s00398	関東	住宅立地	0
s00399	関東	観光立地	0
s00401	関東	住宅立地	0
s00402	関東	観光立地	0
s00403	関東	住宅立地	1
s00404	関東	観光立地	1
s00405	関東	観光立地	1
s00406	関東	観光立地	1
s00407	関東	観光立地	1
s00408	関東	観光立地	1
s00409	関東	観光立地	1
s00410	関東	観光立地	1
s00411	関東	住宅立地	1
s00412	関東	観光立地	1
s00413	関東	観光立地	1
s00414	関東	観光立地	1
s00415	関東	観光立地	1
s00416	関東	観光立地	1
s00417	近畿	ビジネス立地	0
s00418	近畿	ビジネス立地	0
s00419	近畿	ビジネス立地	0
s00420	近畿	ビジネス立地	0
s00421	近畿	ビジネス立地	0
s00422	近畿	ビジネス立地	0
s00423	近畿	ビジネス立地	0
s00424	近畿	ビジネス立地	0
s00425	近畿	ビジネス立地	0
s00426	近畿	ビジネス立地	0
s00427	近畿	ビジネス立地	0
s00428	近畿	ビジネス立地	0
s00429	近畿	ビジネス立地	0
s00430	近畿	ビジネス立地	0
s00431	近畿	ビジネス立地	0
s00432	近畿	ビジネス立地	0
s00433	近畿	ビジネス立地	0
s00434	近畿	ビジネス立地	0
s00435	近畿	ビジネス立地	0
s00436	近畿	ビジネス立地	0
s00437	近畿	ビジネス立地	0
s00438	近畿	ビジネス立地	0
s00439	近畿	ビジネス立地	0
s00440	近畿	ビジネス立地	0
s00441	近畿	ビジネス立地	0
s00442	近畿	ビジネス立地	0
s00443	近畿	ビジネス立地	0
s00444	近畿	ビジネス立地	0
s00445	近畿	ビジネス立地	0
s00446	近畿	ビジネス立地	0
s00447	近畿	ビジネス立地	0
s00448	近畿	ビジネス立地	0
s00449	近畿	ビジネス立地	0
s00450	近畿	ビジネス立地	0
s00451	近畿	ビジネス立地	0
s00452	近畿	ビジネス立地	0
s00453	近畿	ビジネス立地	0
s00454	近畿	ビジネス立地	0
s00455	近畿	ビジネス立地	0
s00456	近畿	ビジネス立地	0
s00457	近畿	ビジネス立地	0
s00458	近畿	ビジネス立地	0
s00459	近畿	ビジネス立地	0
s00460	近畿	ビジネス立地	0
s00461	近畿	ビジネス立地	0
s00462	近畿	ビジネス立地	0
s00463	近畿	ビジネス立地	0
s00464	近畿	ビジネス立地	0
s00465	近畿	ビジネス立地	0
s00466	近畿	ビジネス立地	0
s00467	近畿	ビジネス立地	0
s00468	近畿	ビジネス立地	0
s00469	近畿	ビジネス立地	0
s00470	近畿	ビジネス立地	0
s00471	近畿	ビジネス立地	0
s00472	近畿	ビジネス立地	0
s00473	近畿	ビジネス立地	0
s00474	近畿	ビジネス立地	0
s00475	近畿	ビジネス立地	0
s00476	近畿	ビジネス立地	0
s00477	近畿	ビジネス立地	0
s00478	近畿	ビジネス立地	0
s00479	近畿	ビジネス立地	0
s00480	近畿	ビジネス立地	0
s00481	近畿	ビジネス立地	0
s00482	近畿	ビジネス立地	0
s00483	近畿	ビジネス立地	0
s00484	近畿	ビジネス立地	0
s00485	近畿	ビジネス立地	0
s00486	近畿	ビジネス立地	0
s00487	近畿	ビジネス立地	0
s00488	近畿	ビジネス立地	0
s00489	近畿	ビジネス立地	0
s00490	近畿	ビジネス立地	0
s00491	近畿	ビジネス立地	0
s00492	近畿	ビジネス立地	0
s00493	近畿	ビジネス立地	0
s00494	近畿	ビジネス立地	0
s00495	近畿	ビジネス立地	0
s00496	近畿	ビジネス立地	0
s00497	近畿	ビジネス立地	0
s00498	近畿	ビジネス立地	0
s00499	近畿	ビジネス立地	0
s00500	近畿	ビジネス立地	0
s00501	近畿	ビジネス立地	0
s00502	近畿	ビジネス立地	0
s00503	近畿	ビジネス立地	0
s00504	近畿	ビジネス立地	0
s00505	近畿	ビジネス立地	0
s00506	近畿	ビジネス立地	0
s00507	近畿	ビジネス立地	0
s00508	近畿	ビジネス立地	0
s00509	近畿	ビジネス立地	0
s00510	近畿	ビジネス立地	0
s00511	近畿	ビジネス立地	0
s00512	近畿	ビジネス立地	0
s00513	近畿	ビジネス立地	0
s00514	近畿	ビジネス立地	0
s00515	近畿	住宅立地	0
s00516	近畿	住宅立地	0
s00517	近畿	住宅立地	0
s00518	近畿	住宅立地	0
s00519	近畿	住宅立地	0
s00520	近畿	住宅立地	0
s00521	近畿	住宅立地	0
s00522	近畿	住宅立地	0
s00523	近畿	住宅立地	0
s00524	近畿	住宅立地	0
s00525	近畿	住宅立地	0
s00526	近畿	住宅立地	0
s00527	近畿	住宅立地	0
s00528	近畿	住宅立地	0
s00529	近畿	住宅立地	0
s00530	近畿	住宅立地	0
s00531	近畿	住宅立地	0
s00532	近畿	住宅立地	0
s00533	近畿	住宅立地	0
s00534	近畿	住宅立地	0
s00535	近畿	住宅立地	0
s00536	近畿	住宅立地	0
s00537	近畿	住宅立地	0
s00538	近畿	住宅立地	0
s00539	近畿	住宅立地	0
s00540	近畿	住宅立地	0
s00541	近畿	住宅立地	0
s00542	近畿	住宅立地	0
s00543	近畿	住宅立地	0
s00544	近畿	住宅立地	0
s00545	近畿	住宅立地	0
s00546	近畿	住宅立地	0
s00547	近畿	住宅立地	0
s00548	近畿	住宅立地	0
s00549	近畿	住宅立地	0
s00550	近畿	住宅立地	0
s00551	近畿	住宅立地	0
s00552	近畿	住宅立地	0
s00553	近畿	住宅立地	0
s00554	近畿	住宅立地	0
s00555	近畿	住宅立地	0
s00556	近畿	住宅立地	0
s00557	近畿	住宅立地	0
s00558	近畿	住宅立地	0
s00559	近畿	住宅立地	0
s00560	近畿	住宅立地	0
s00561	近畿	住宅立地	0
s00562	近畿	住宅立地	0
s00563	近畿	学校立地	0
s00564	近畿	学校立地	0
s00565	近畿	学校立地	0
s00566	近畿	学校立地	0
s00567	近畿	学校立地	0
s00568	近畿	学校立地	0
s00569	近畿	学校立地	0
s00570	近畿	学校立地	0
s00571	近畿	学校立地	0
s00572	近畿	観光立地	0
s00573	近畿	観光立地	0
s00574	近畿	観光立地	0
s00575	近畿	観光立地	0
s00576	近畿	住宅立地	0
s00577	近畿	住宅立地	0
s00578	近畿	観光立地	0
s00579	近畿	観光立地	0
s00580	近畿	観光立地	0
s00581	近畿	観光立地	0
s00582	近畿	観光立地	0
s00583	近畿	観光立地	0
s00584	近畿	観光立地	0
s00585	近畿	観光立地	0
s00586	近畿	観光立地	0
s00587	近畿	観光立地	0
s00588	近畿	観光立地	0
s00589	近畿	観光立地	0
s00590	近畿	観光立地	0
s00591	近畿	観光立地	0
s00592	近畿	観光立地	0
s00593	近畿	観光立地	0
s00594	近畿	観光立地	0
s00595	近畿	観光立地	0
s00596	近畿	観光立地	0
s00597	近畿	観光立地	0
s00598	近畿	観光立地	0
s00599	近畿	観光立地	0
s00600	近畿	観光立地	0
s00601	近畿	観光立地	0
s00602	近畿	観光立地	0
s00603	近畿	観光立地	0
s00604	近畿	観光立地	0
s00605	近畿	観光立地	0
s00606	近畿	観光立地	0
s00607	近畿	観光立地	0
s00608	近畿	住宅立地	0
s00609	近畿	観光立地	0
s00610	近畿	住宅立地	0
s00611	近畿	観光立地	0
s00612	近畿	観光立地	0
s00613	近畿	観光立地	0
s00614	近畿	観光立地	0
s00615	近畿	観光立地	0
s00616	近畿	観光立地	0
s00617	近畿	観光立地	0
s00618	近畿	住宅立地	0
s00619	近畿	観光立地	0
s00620	近畿	観光立地	0
s00621	近畿	観光立地	0
s00622	近畿	観光立地	0
s00623	近畿	観光立地	0
s00624	近畿	観光立地	0
s00625	近畿	住宅立地	0
s00626	近畿	観光立地	0
s00627	近畿	観光立地	0
s00628	近畿	観光立地	0
s00629	近畿	観光立地	0
s00630	近畿	観光立地	0
s00631	近畿	観光立地	0
s00632	近畿	住宅立地	0
s00633	近畿	観光立地	0
s00634	近畿	観光立地	0
s00635	近畿	住宅立地	0
s00636	近畿	観光立地	0
s00637	近畿	観光立地	0
s00638	近畿	観光立地	0
s00639	近畿	観光立地	0
s00640	近畿	観光立地	0
s00641	近畿	観光立地	0
s00642	近畿	観光立地	0
s00643	近畿	観光立地	0
s00644	近畿	観光立地	0
s00645	近畿	観光立地	0
s00646	近畿	観光立地	0
s00647	近畿	観光立地	0
s00648	近畿	観光立地	0
s00649	近畿	観光立地	0
s00650	近畿	観光立地	0
s00651	近畿	観光立地	0
s00652	近畿	観光立地	0
s00653	近畿	観光立地	0
s00654	近畿	観光立地	0
s00655	近畿	観光立地	0
s00656	近畿	観光立地	0
s00657	近畿	観光立地	0
s00658	近畿	観光立地	0
s00659	近畿	観光立地	0
s00660	近畿	観光立地	0
s00661	近畿	観光立地	0
s00662	近畿	観光立地	0
s00663	近畿	観光立地	0
s00664	近畿	観光立地	0
s00665	近畿	観光立地	0
s00666	近畿	観光立地	0
s00667	近畿	観光立地	0
s00668	近畿	観光立地	0
s00669	近畿	観光立地	0
s00670	近畿	観光立地	0
s00671	近畿	観光立地	0
s00672	近畿	観光立地	0
s00673	近畿	観光立地	0
s00674	近畿	観光立地	0
s00675	近畿	観光立地	0
s00676	近畿	観光立地	0
s00677	近畿	観光立地	0
s00678	近畿	観光立地	0
s00679	近畿	住宅立地	0
s00680	近畿	観光立地	0
s00681	近畿	観光立地	0
s00682	近畿	観光立地	0
s00683	近畿	観光立地	0
s00684	近畿	観光立地	0
s00685	近畿	観光立地	0
s00686	近畿	観光立地	0
s00687	近畿	観光立地	0
s00688	近畿	観光立地	0
s00689	近畿	観光立地	0
s00690	近畿	住宅立地	0
s00691	近畿	住宅立地	0
s00692	近畿	観光立地	0
s00693	近畿	観光立地	0
s00694	近畿	観光立地	0
s00695	近畿	観光立地	0
s00696	近畿	観光立地	0
s00697	近畿	観光立地	0
s00698	近畿	住宅立地	0
s00699	近畿	観光立地	0
s00700	近畿	住宅立地	0
s00701	近畿	観光立地	0
s00702	近畿	観光立地	0
s00703	近畿	住宅立地	0
s00704	近畿	観光立地	0
s00705	近畿	観光立地	0
s00706	近畿	観光立地	0
s00707	近畿	観光立地	0
s00708	近畿	観光立地	0
s00709	近畿	観光立地	0
s00710	近畿	観光立地	0
s00711	近畿	観光立地	0
s00712	近畿	観光立地	0
s00713	近畿	住宅立地	0
s00714	近畿	観光立地	0
s00715	近畿	観光立地	0
s00716	近畿	観光立地	0
s00717	近畿	観光立地	0
s00718	東北	ビジネス立地	0
s00719	東北	ビジネス立地	0
s00720	東北	ビジネス立地	0
s00721	東北	ビジネス立地	0
s00722	東北	ビジネス立地	0
s00723	東北	ビジネス立地	0
s00724	東北	ビジネス立地	0
s00725	東北	ビジネス立地	0
s00726	東北	ビジネス立地	0
s00727	東北	ビジネス立地	0
s00728	東北	ビジネス立地	0
s00729	東北	ビジネス立地	0
s00730	東北	ビジネス立地	0
s00731	東北	ビジネス立地	0
s00732	東北	ビジネス立地	0
s00733	東北	ビジネス立地	0
s00734	東北	ビジネス立地	0
s00735	東北	ビジネス立地	0
s00736	東北	ビジネス立地	0
s00737	東北	ビジネス立地	0
s00738	東北	ビジネス立地	0
s00739	東北	ビジネス立地	0
s00740	東北	ビジネス立地	0
s00741	東北	ビジネス立地	0
s00742	東北	ビジネス立地	0
s00743	東北	ビジネス立地	0
s00744	東北	住宅立地	0
s00745	東北	住宅立地	0
s00746	東北	住宅立地	0
s00747	東北	学校立地	0
s00748	東北	観光立地	0
s00749	東北	住宅立地	0
s00750	東北	観光立地	0
s00751	東北	観光立地	0
s00752	東北	観光立地	0
s00753	東北	観光立地	0
s00754	東北	観光立地	0
s00755	東北	観光立地	0
s00756	東北	観光立地	0
s00757	東北	住宅立地	0
s00758	東北	観光立地	0
s00759	東北	観光立地	0
s00760	東北	観光立地	0
s00761	東北	観光立地	0
s00762	東北	観光立地	0
s00763	東北	観光立地	0
s00764	東北	観光立地	0
s00765	東北	観光立地	0
s00766	東北	住宅立地	0
s00767	東北	観光立地	0
s00768	東北	観光立地	0
s00769	東北	住宅立地	0
s00770	東北	観光立地	0
s00771	東北	観光立地	0
s00772	東北	観光立地	0
s00773	東北	観光立地	0
s00774	東北	観光立地	0
s00775	東北	観光立地	0
s00776	東北	観光立地	0
s00777	東北	観光立地	0
s00778	東北	観光立地	0
s00779	東北	観光立地	0
s00780	東北	観光立地	0
s00781	東北	観光立地	0
s00782	東北	観光立地	0
s00783	東北	観光立地	0
s00784	東北	観光立地	0
s00785	東北	観光立地	0
s00786	東北	観光立地	0
s00787	東北	観光立地	0
s00788	東北	観光立地	0
s00789	東北	住宅立地	0
s00790	東北	観光立地	0
s00791	東北	観光立地	0
s00792	東北	観光立地	0
s00793	東北	観光立地	0
s00794	東北	観光立地	0
s00795	東北	観光立地	0
s00796	東北	観光立地	0
s00797	東北	観光立地	0
s00798	東北	観光立地	0
s00799	東北	観光立地	0
s00800	東北	観光立地	0
s00801	東北	観光立地	0
s00802	東北	観光立地	0
s00803	東北	観光立地	0
s00804	東北	観光立地	0
s00805	東北	観光立地	0
s00806	東北	観光立地	0
s00807	東北	観光立地	0
s00808	東北	観光立地	0
s00809	東北	住宅立地	0
s00810	東北	観光立地	0
s00811	東北	観光立地	0
s00812	東北	住宅立地	0
s00813	東北	観光立地	0
s00814	東北	観光立地	0
s00815	東北	観光立地	0
s00816	東北	観光立地	0
s00817	東北	観光立地	0
s00818	東北	観光立地	0
s00819	東北	観光立地	0
s00820	東北	観光立地	0
s00821	東北	観光立地	0
s00822	東北	観光立地	0
s00823	東北	観光立地	0
s00824	東北	観光立地	0
s00825	東北	観光立地	0
s00826	東北	観光立地	0
s00827	東北	観光立地	0
s00828	東北	観光立地	0
s00829	東北	住宅立地	0
s00830	東北	観光立地	0
s00831	東北	観光立地	0
s00832	東北	観光立地	0
s00833	東北	観光立地	0
s00834	東北	観光立地	0
s00835	東北	観光立地	0
s00836	東北	住宅立地	0
s00837	東北	観光立地	0
s00838	東北	観光立地	0
s00839	東北	住宅立地	0
s00840	東北	観光立地	0
s00841	四国	ビジネス立地	0
s00842	四国	ビジネス立地	0
s00843	四国	ビジネス立地	0
s00844	四国	ビジネス立地	0
s00845	四国	ビジネス立地	0
s00846	四国	ビジネス立地	0
s00847	四国	ビジネス立地	0
s00848	四国	ビジネス立地	0
s00849	四国	ビジネス立地	0
s00850	四国	ビジネス立地	0
s00851	四国	ビジネス立地	0
s00852	四国	ビジネス立地	0
s00853	四国	ビジネス立地	0
s00854	四国	ビジネス立地	0
s00855	四国	ビジネス立地	0
s00856	四国	ビジネス立地	0
s00857	四国	住宅立地	0
s00858	四国	学校立地	0
s00859	四国	学校立地	0
s00860	四国	観光立地	0
s00861	四国	観光立地	0
s00862	四国	観光立地	0
s00863	四国	観光立地	0
s00864	四国	観光立地	0
s00865	四国	観光立地	0
s00866	四国	観光立地	0
s00867	四国	観光立地	0
s00868	四国	観光立地	0
s00869	四国	観光立地	0
s00870	四国	観光立地	0
s00871	四国	観光立地	0
s00872	四国	観光立地	0
s00873	四国	観光立地	0
s00874	四国	観光立地	0
s00875	四国	観光立地	0
s00876	四国	観光立地	0
s00877	四国	観光立地	0
s00878	四国	観光立地	0
s00879	四国	観光立地	0
s00880	四国	観光立地	0
s00881	四国	観光立地	0
s00882	四国	観光立地	0
s00883	四国	住宅立地	0
s00884	四国	観光立地	0
s00885	四国	観光立地	0
s00886	四国	観光立地	0
s00887	四国	観光立地	0
s00888	四国	観光立地	0
s00889	四国	観光立地	0
s00890	四国	観光立地	0
s00891	四国	観光立地	0
s00892	四国	観光立地	0
s00893	四国	住宅立地	0
s00894	四国	観光立地	0
s00895	四国	観光立地	0
s00896	四国	観光立地	0
s00897	四国	観光立地	0
s00898	四国	観光立地	0
s00899	四国	観光立地	0
s00900	四国	観光立地	0
s00901	四国	観光立地	0
s00902	四国	観光立地	0
s00903	四国	観光立地	0
s00904	四国	観光立地	0
s00905	四国	住宅立地	0
s00906	四国	観光立地	0
s00907	四国	観光立地	0
s00908	四国	観光立地	0
s00909	四国	観光立地	0
s00910	四国	観光立地	0
s00911	四国	観光立地	0
s00912	四国	観光立地	0
s00913	四国	観光立地	0
s00914	四国	観光立地	0
s00915	四国	観光立地	0
s00916	四国	観光立地	0
s00917	四国	観光立地	0
s00918	四国	観光立地	0
s00919	北海道	ビジネス立地	0
s00920	北海道	ビジネス立地	0
s00921	北海道	ビジネス立地	0
s00922	北海道	ビジネス立地	0
s00923	北海道	ビジネス立地	0
s00924	北海道	ビジネス立地	0
s00925	北海道	ビジネス立地	0
s00926	北海道	ビジネス立地	0
s00927	北海道	ビジネス立地	0
s00928	北海道	ビジネス立地	0
s00929	北海道	ビジネス立地	0
s00930	北海道	ビジネス立地	0
s00931	北海道	ビジネス立地	0
s00932	北海道	ビジネス立地	0
s00933	北海道	ビジネス立地	0
s00934	北海道	ビジネス立地	0
s00935	北海道	ビジネス立地	0
s00936	北海道	ビジネス立地	0
s00937	北海道	ビジネス立地	0
s00938	北海道	ビジネス立地	0
s00939	北海道	ビジネス立地	0
s00940	北海道	ビジネス立地	0
s00941	北海道	ビジネス立地	0
s00942	北海道	ビジネス立地	0
s00943	北海道	住宅立地	0
s00944	北海道	住宅立地	0
s00945	北海道	住宅立地	0
s00946	北海道	住宅立地	0
s00947	北海道	住宅立地	0
s00948	北海道	住宅立地	0
s00949	北海道	学校立地	0
s00950	北海道	観光立地	0
s00951	北海道	観光立地	0
s00952	北海道	住宅立地	0
s00953	北海道	観光立地	0
s00954	北海道	観光立地	0
s00955	北海道	観光立地	0
s00956	北海道	観光立地	0
s00957	北海道	観光立地	0
s00958	北海道	観光立地	0
s00959	北海道	観光立地	0
s00960	北海道	住宅立地	0
s00961	北海道	住宅立地	0
s00962	北海道	観光立地	0
s00963	北海道	観光立地	0
s00964	北海道	住宅立地	0
s00965	北海道	観光立地	0
s00966	北海道	観光立地	0
s00967	北海道	観光立地	0
s00968	北海道	観光立地	0
s00969	北海道	住宅立地	0
s00970	北海道	観光立地	0
s00971	北海道	住宅立地	0
s00972	北海道	観光立地	0
s00973	北海道	観光立地	0
s00974	北海道	観光立地	0
s00975	北海道	住宅立地	0
s00976	北海道	観光立地	0
s00977	北海道	観光立地	0
s00978	北海道	観光立地	0
s00979	北海道	住宅立地	0
s00980	北海道	観光立地	0
s00981	北海道	住宅立地	0
s00982	北海道	住宅立地	0
s00983	北海道	観光立地	0
s00984	北海道	観光立地	0
s00985	北海道	住宅立地	0
s00986	北海道	観光立地	0
s00987	北海道	観光立地	0
s00988	北海道	住宅立地	0
s00989	北海道	観光立地	0
s00990	北海道	観光立地	0
s00991	北海道	観光立地	0
s00992	北海道	住宅立地	0
s00993	北海道	観光立地	0
s00994	北海道	観光立地	0
s00995	北海道	観光立地	0
s00996	北海道	観光立地	0
s00997	北海道	観光立地	0
s00998	北海道	住宅立地	0
s00999	北海道	観光立地	0
s01000	九州	ビジネス立地	0
s01001	九州	ビジネス立地	0
s01002	九州	ビジネス立地	0
s01003	九州	ビジネス立地	0
s01004	九州	ビジネス立地	0
s01005	九州	ビジネス立地	0
s01006	九州	ビジネス立地	0
s01007	九州	ビジネス立地	0
s01008	九州	ビジネス立地	0
s01009	九州	ビジネス立地	0
s01010	九州	ビジネス立地	0
s01011	九州	ビジネス立地	0
s01012	九州	ビジネス立地	0
s01013	九州	ビジネス立地	0
s01014	九州	ビジネス立地	0
s01015	九州	ビジネス立地	0
s01016	九州	ビジネス立地	0
s01017	九州	ビジネス立地	0
s01018	九州	ビジネス立地	0
s01019	九州	ビジネス立地	0
s01020	九州	ビジネス立地	0
s01021	九州	ビジネス立地	0
s01022	九州	ビジネス立地	0
s01023	九州	ビジネス立地	0
s01024	九州	ビジネス立地	0
s01025	九州	ビジネス立地	0
s01026	九州	ビジネス立地	0
s01027	九州	ビジネス立地	0
s01028	九州	ビジネス立地	0
s01029	九州	ビジネス立地	0
s01030	九州	ビジネス立地	0
s01031	九州	ビジネス立地	0
s01032	九州	ビジネス立地	0
s01033	九州	ビジネス立地	0
s01034	九州	ビジネス立地	0
s01035	九州	ビジネス立地	0
s01036	九州	ビジネス立地	0
s01037	九州	ビジネス立地	0
s01038	九州	ビジネス立地	0
s01039	九州	ビジネス立地	0
s01040	九州	住宅立地	0
s01041	九州	住宅立地	0
s01042	九州	住宅立地	0
s01043	九州	住宅立地	0
s01044	九州	住宅立地	0
s01045	九州	住宅立地	0
s01046	九州	住宅立地	0
s01047	九州	住宅立地	0
s01048	九州	住宅立地	0
s01049	九州	住宅立地	0
s01050	九州	住宅立地	0
s01051	九州	学校立地	0
s01052	九州	学校立地	0
s01053	九州	学校立地	0
s01054	九州	学校立地	0
s01055	九州	学校立地	0
s01056	九州	学校立地	0
s01057	九州	学校立地	0
s01058	九州	観光立地	0
s01059	九州	観光立地	0
s01060	九州	観光立地	0
s01061	九州	観光立地	0
s01062	九州	観光立地	0
s01063	九州	観光立地	0
s01064	九州	観光立地	0
s01065	九州	観光立地	0
s01066	九州	観光立地	0
s01067	九州	住宅立地	0
s01068	九州	観光立地	0
s01069	九州	観光立地	0
s01070	九州	観光立地	0
s01071	九州	観光立地	0
s01072	九州	観光立地	0
s01073	九州	観光立地	0
s01074	九州	観光立地	0
s01075	九州	観光立地	0
s01076	九州	観光立地	0
s01077	九州	観光立地	0
s01078	九州	観光立地	0
s01079	九州	観光立地	0
s01080	九州	住宅立地	0
s01081	九州	観光立地	0
s01082	九州	観光立地	0
s01083	九州	観光立地	0
s01084	九州	観光立地	0
s01085	九州	住宅立地	0
s01086	九州	観光立地	0
s01087	九州	観光立地	0
s01088	九州	観光立地	0
s01089	九州	観光立地	0
s01090	九州	観光立地	0
s01091	九州	観光立地	0
s01092	九州	観光立地	0
s01093	九州	観光立地	0
s01094	九州	観光立地	0
s01095	九州	住宅立地	0
s01096	九州	観光立地	0
s01097	九州	観光立地	0
s01098	九州	観光立地	0
s01099	九州	観光立地	0
s01100	九州	観光立地	0
s01101	九州	観光立地	0
s01102	九州	観光立地	0
s01103	九州	住宅立地	0
s01104	九州	住宅立地	0
s01105	九州	住宅立地	0
s01106	九州	住宅立地	0
s01107	九州	観光立地	0
s01108	九州	住宅立地	0
s01109	九州	観光立地	0
s01110	九州	住宅立地	0
s01111	九州	観光立地	0
s01112	九州	観光立地	0
s01113	九州	観光立地	0
s01114	九州	観光立地	0
s01115	九州	住宅立地	0
s01116	九州	住宅立地	0
s01117	九州	観光立地	0
s01118	九州	観光立地	0
s01119	九州	住宅立地	0
s01120	九州	観光立地	0
s01121	九州	観光立地	0
s01122	九州	観光立地	0
s01123	九州	観光立地	0
s01124	九州	観光立地	0
s01125	九州	住宅立地	0
s01126	九州	観光立地	0
s01127	九州	観光立地	0
s01128	九州	観光立地	0
s01129	九州	観光立地	0
s01130	九州	観光立地	0
s01131	九州	観光立地	0
s01132	九州	住宅立地	0
s01133	九州	観光立地	0
s01134	九州	観光立地	0
s01135	九州	観光立地	0
s01136	九州	観光立地	0
s01137	九州	住宅立地	0
s01138	九州	観光立地	0
s01139	九州	観光立地	0
s01140	九州	観光立地	0
s01141	九州	観光立地	0
s01142	九州	住宅立地	0
s01143	九州	観光立地	0
s01144	九州	観光立地	0
s01145	九州	住宅立地	0
s01146	九州	観光立地	0
s01147	九州	住宅立地	0
s01148	九州	観光立地	0
s01149	九州	観光立地	0
s01150	九州	観光立地	0
s01151	九州	観光立地	0
s01152	九州	観光立地	0
s01153	九州	観光立地	0
s01154	九州	観光立地	0
s01155	九州	住宅立地	0
s01156	九州	観光立地	0
s01157	九州	観光立地	0
s01158	九州	観光立地	0
s01159	九州	住宅立地	0
s01160	九州	観光立地	0
s01161	九州	観光立地	0
s01162	九州	観光立地	0
s01163	九州	住宅立地	0
s01164	九州	観光立地	0
s01165	九州	観光立地	0
s01166	九州	観光立地	0
s01167	九州	観光立地	0
s01168	九州	観光立地	0
s01169	九州	観光立地	0
s01170	九州	観光立地	0
s01171	九州	観光立地	0
s01172	九州	住宅立地	0
s01173	九州	観光立地	0
s01174	九州	観光立地	0
s01175	九州	観光立地	0
s01176	九州	住宅立地	0
s01177	九州	観光立地	0
s01178	九州	観光立地	0
s01179	九州	観光立地	0
s01180	九州	観光立地	0
s01181	九州	住宅立地	0
s01182	九州	住宅立地	0
s01183	中部	ビジネス立地	0
s01184	中部	ビジネス立地	0
s01185	中部	ビジネス立地	0
s01186	中部	ビジネス立地	0
s01187	中部	ビジネス立地	0
s01188	中部	ビジネス立地	0
s01189	中部	ビジネス立地	0
s01190	中部	ビジネス立地	0
s01191	中部	ビジネス立地	0
s01192	中部	ビジネス立地	0
s01193	中部	ビジネス立地	0
s01194	中部	ビジネス立地	0
s01195	中部	ビジネス立地	0
s01196	中部	ビジネス立地	0
s01197	中部	ビジネス立地	0
s01198	中部	ビジネス立地	0
s01199	中部	ビジネス立地	0
s01200	中部	ビジネス立地	0
s01201	中部	ビジネス立地	0
s01202	中部	ビジネス立地	0
s01203	中部	ビジネス立地	0
s01204	中部	ビジネス立地	0
s01205	中部	ビジネス立地	0
s01206	中部	ビジネス立地	0
s01207	中部	ビジネス立地	0
s01208	中部	ビジネス立地	0
s01209	中部	ビジネス立地	0
s01210	中部	ビジネス立地	0
s01211	中部	ビジネス立地	0
s01212	中部	ビジネス立地	0
s01213	中部	ビジネス立地	0
s01214	中部	ビジネス立地	0
s01215	中部	ビジネス立地	0
s01216	中部	ビジネス立地	0
s01217	中部	ビジネス立地	0
s01218	中部	ビジネス立地	0
s01219	中部	ビジネス立地	0
s01220	中部	ビジネス立地	0
s01221	中部	ビジネス立地	0
s01222	中部	ビジネス立地	0
s01223	中部	ビジネス立地	0
s01224	中部	ビジネス立地	0
s01225	中部	ビジネス立地	0
s01226	中部	ビジネス立地	0
s01227	中部	ビジネス立地	0
s01228	中部	ビジネス立地	0
s01229	中部	ビジネス立地	0
s01230	中部	ビジネス立地	0
s01231	中部	ビジネス立地	0
s01232	中部	ビジネス立地	0
s01233	中部	ビジネス立地	0
s01234	中部	ビジネス立地	0
s01235	中部	住宅立地	0
s01236	中部	住宅立地	0
s01237	中部	住宅立地	0
s01238	中部	住宅立地	0
s01239	中部	住宅立地	0
s01240	中部	住宅立地	0
s01241	中部	住宅立地	0
s01242	中部	学校立地	0
s01243	中部	学校立地	0
s01244	中部	学校立地	0
s01245	中部	観光立地	0
s01246	中部	住宅立地	0
s01247	中部	観光立地	0
s01248	中部	観光立地	0
s01249	中部	観光立地	0
s01250	中部	観光立地	0
s01251	中部	観光立地	0
s01252	中部	観光立地	0
s01253	中部	観光立地	0
s01254	中部	観光立地	0
s01255	中部	観光立地	0
s01256	中部	観光立地	0
s01257	中部	観光立地	0
s01258	中部	住宅立地	0
s01259	中部	観光立地	0
s01260	中部	観光立地	0
s01261	中部	観光立地	0
s01262	中部	観光立地	0
s01263	中部	住宅立地	0
s01264	中部	観光立地	0
s01265	中部	観光立地	0
s01266	中部	観光立地	0
s01267	中部	観光立地	0
s01268	中部	観光立地	0
s01269	中部	観光立地	0
s01270	中部	観光立地	0
s01271	中部	観光立地	0
s01272	中部	観光立地	0
s01273	中部	観光立地	0
s01274	中部	観光立地	0
s01275	中部	観光立地	0
s01276	中部	住宅立地	0
s01277	中部	観光立地	0
s01278	中部	観光立地	0
s01279	中部	住宅立地	0
s01280	中部	観光立地	0
s01281	中部	観光立地	0
s01282	中部	観光立地	0
s01283	中部	観光立地	0
s01284	中部	観光立地	0
s01285	中部	観光立地	0
s01286	中部	観光立地	0
s01287	中部	観光立地	0
s01288	中部	観光立地	0
s01289	中部	観光立地	0
s01290	中部	観光立地	0
s01291	中部	観光立地	0
s01292	中部	観光立地	0
s01293	中部	観光立地	0
s01294	中部	観光立地	0
s01295	中部	観光立地	0
s01296	中部	観光立地	0
s01297	中部	観光立地	0
s01298	中部	観光立地	0
s01299	中部	観光立地	0
s01300	中部	観光立地	0
s01301	中部	住宅立地	0
s01302	中部	観光立地	0
s01303	中部	観光立地	0
s01304	中部	観光立地	0
s01305	中部	観光立地	0
s01306	中部	観光立地	0
s01307	中部	観光立地	0
s01308	中部	観光立地	0
s01309	中部	住宅立地	0
s01310	中部	観光立地	0
s01311	中部	住宅立地	0
s01312	中部	住宅立地	0
s01313	中部	観光立地	0
s01314	中部	観光立地	0
s01315	中部	住宅立地	0
s01316	中部	観光立地	0
s01317	中部	観光立地	0
s01318	中部	観光立地	0
s01319	中部	観光立地	0
s01320	中部	観光立地	0
s01321	中部	観光立地	0
s01322	中部	観光立地	0
s01323	中部	住宅立地	0
s01324	中部	観光立地	0
s01325	中部	観光立地	0
s01326	中部	観光立地	0
s01327	中部	観光立地	0
s01328	中部	観光立地	0
s01329	中部	観光立地	0
s01330	中部	観光立地	0
s01331	中部	観光立地	0
s01332	中部	観光立地	0
s01333	中部	住宅立地	0
s01334	中部	観光立地	0
s01335	中部	観光立地	0
s01336	中部	観光立地	0
s01337	中部	住宅立地	0
s01338	中部	観光立地	0
s01339	中部	観光立地	0
s01340	中部	観光立地	0
s01341	中部	観光立地	0
s01342	中部	観光立地	0
s01343	中部	住宅立地	0
s01344	中部	観光立地	0
s01345	中部	観光立地	0
s01346	中部	観光立地	0
s01347	中部	観光立地	0
s01348	中部	観光立地	0
s01349	中部	観光立地	0
s01350	中部	住宅立地	0
s01351	中部	住宅立地	0
s01352	中部	観光立地	0
s01353	中部	観光立地	0
s01354	中部	観光立地	0
s01355	中部	住宅立地	0
s01356	中部	住宅立地	0
s01357	中部	観光立地	0
s01358	中部	観光立地	0
s01359	中部	観光立地	0
s01360	中部	住宅立地	0
s01361	中部	観光立地	0
s01362	中部	住宅立地	0
s01363	中部	観光立地	0
s01364	中部	観光立地	0
s01365	中部	観光立地	0
s01366	中部	住宅立地	0
s01367	中部	観光立地	0
s01368	中部	観光立地	0
s01369	中部	住宅立地	0
s01370	中部	観光立地	0
s01371	中部	観光立地	0
s01372	中部	住宅立地	0
s01373	中部	住宅立地	0
s01374	中部	観光立地	0
s01375	中部	観光立地	0
s01376	中部	住宅立地	0
s01377	中部	観光立地	0
s01378	中部	観光立地	0
s01379	中部	観光立地	0
s01380	中部	観光立地	0
s01381	中部	観光立地	0
s01382	中部	観光立地	0
s01383	中部	観光立地	0
s01384	中部	観光立地	0
s01385	中部	観光立地	0
s01386	中部	観光立地	0
s01387	中部	住宅立地	0
s01388	中部	観光立地	0
s01389	中部	観光立地	0
s01390	中部	観光立地	0
s01391	中部	観光立地	0
s01392	中国	ビジネス立地	0
s01393	中国	ビジネス立地	0
s01394	中国	ビジネス立地	0
s01395	中国	ビジネス立地	0
s01396	中国	ビジネス立地	0
s01397	中国	ビジネス立地	0
s01398	中国	ビジネス立地	0
s01399	中国	ビジネス立地	0
s01400	中国	ビジネス立地	0
s01401	中国	ビジネス立地	0
s01402	中国	ビジネス立地	0
s01403	中国	ビジネス立地	0
s01404	中国	ビジネス立地	0
s01405	中国	ビジネス立地	0
s01406	中国	ビジネス立地	0
s01407	中国	ビジネス立地	0
s01408	中国	ビジネス立地	0
s01409	中国	ビジネス立地	0
s01410	中国	ビジネス立地	0
s01411	中国	ビジネス立地	0
s01412	中国	住宅立地	0
s01413	中国	住宅立地	0
s01414	中国	学校立地	0
s01415	中国	観光立地	0
s01416	中国	観光立地	0
s01417	中国	観光立地	0
s01418	中国	住宅立地	0
s01419	中国	観光立地	0
s01420	中国	観光立地	0
s01421	中国	観光立地	0
s01422	中国	観光立地	0
s01423	中国	住宅立地	0
s01424	中国	観光立地	0
s01425	中国	観光立地	0
s01426	中国	観光立地	0
s01427	中国	観光立地	0
s01428	中国	観光立地	0
s01429	中国	観光立地	0
s01430	中国	観光立地	0
s01431	中国	観光立地	0
s01432	中国	住宅立地	0
s01433	中国	観光立地	0
s01434	中国	住宅立地	0
s01435	中国	観光立地	0
s01436	中国	観光立地	0
s01437	中国	観光立地	0
s01438	中国	観光立地	0
s01439	中国	住宅立地	0
s01440	中国	観光立地	0
s01441	中国	観光立地	0
s01442	中国	観光立地	0
s01443	中国	観光立地	0
s01444	中国	観光立地	0
s01445	中国	観光立地	0
s01446	中国	観光立地	0
s01447	中国	観光立地	0
s01448	中国	観光立地	0
s01449	中国	観光立地	0
s01450	中国	観光立地	0
s01451	中国	観光立地	0
s01452	中国	観光立地	0
s01453	中国	観光立地	0
s01454	中国	観光立地	0
s01455	中国	観光立地	0
s01456	中国	住宅立地	0
s01457	中国	住宅立地	0
s01458	中国	観光立地	0
s01459	中国	観光立地	0
s01460	中国	観光立地	0
s01461	中国	観光立地	0
s01462	中国	観光立地	0
s01463	中国	観光立地	0
s01464	中国	観光立地	0
s01465	中国	観光立地	0
s01466	中国	観光立地	0
s01467	中国	観光立地	0
s01468	中国	観光立地	0
s01469	中国	観光立地	0
s01470	中国	観光立地	0
s01471	中国	観光立地	0
s01472	中国	観光立地	0
s01473	中国	観光立地	0
s01474	中国	観光立地	0
s01475	中国	観光立地	0
s01476	中国	観光立地	0
s01477	中国	観光立地	0
s01478	中国	観光立地	0
s01479	中国	観光立地	0
s01480	中国	観光立地	0
s01481	中国	観光立地	0
s01482	中国	観光立地	0
